"11xf -- Kuluttajahintaindeksi (2005=100), kuukausitiedot, 2005M01-2023M02",,
,,
Kuukausi,Hyodyke,Pisteluku
2005M01,0111 Viljatuotteet ja leipa,99.51
2005M01,0112 Liha,99.88
2005M01,01141 Maito,100.21
2005M01,01144 Juustot ja rahkat,100.09
2005M01,01151 Voi,98.21
2005M01,011612 Banaanit,95.62
2005M01,011613 Omenat,108.22
2005M02,0111 Viljatuotteet ja leipa,99.4
2005M02,0112 Liha,99.5
2005M02,01141 Maito,100.3
2005M02,01144 Juustot ja rahkat,100.03
2005M02,01151 Voi,98.2
2005M02,011612 Banaanit,97.33
2005M02,011613 Omenat,108.8
2005M03,0111 Viljatuotteet ja leipa,99.5
2005M03,0112 Liha,99.2
2005M03,01141 Maito,100.31
2005M03,01144 Juustot ja rahkat,100
2005M03,01151 Voi,100.2
2005M03,011612 Banaanit,99.01
2005M03,011613 Omenat,109.84
2005M04,0111 Viljatuotteet ja leipa,99.54
2005M04,0112 Liha,100.08
2005M04,01141 Maito,100.14
2005M04,01144 Juustot ja rahkat,99.97
2005M04,01151 Voi,100.07
2005M04,011612 Banaanit,102.52
2005M04,011613 Omenat,107.81
2005M05,0111 Viljatuotteet ja leipa,99.91
2005M05,0112 Liha,99.69
2005M05,01141 Maito,99.97
2005M05,01144 Juustot ja rahkat,100.04
2005M05,01151 Voi,100.17
2005M05,011612 Banaanit,103.16
2005M05,011613 Omenat,104.66
2005M06,0111 Viljatuotteet ja leipa,100.02
2005M06,0112 Liha,100.18
2005M06,01141 Maito,99.98
2005M06,01144 Juustot ja rahkat,99.82
2005M06,01151 Voi,99.79
2005M06,011612 Banaanit,107.9
2005M06,011613 Omenat,109.72
2005M07,0111 Viljatuotteet ja leipa,100.14
2005M07,0112 Liha,100.06
2005M07,01141 Maito,99.89
2005M07,01144 Juustot ja rahkat,100.06
2005M07,01151 Voi,100.52
2005M07,011612 Banaanit,104.6
2005M07,011613 Omenat,105.7
2005M08,0111 Viljatuotteet ja leipa,100.35
2005M08,0112 Liha,99.24
2005M08,01141 Maito,100.14
2005M08,01144 Juustot ja rahkat,100.21
2005M08,01151 Voi,100.62
2005M08,011612 Banaanit,101.59
2005M08,011613 Omenat,87.82
2005M09,0111 Viljatuotteet ja leipa,100.46
2005M09,0112 Liha,100.65
2005M09,01141 Maito,100.02
2005M09,01144 Juustot ja rahkat,99.97
2005M09,01151 Voi,100.95
2005M09,011612 Banaanit,98.66
2005M09,011613 Omenat,86.17
2005M10,0111 Viljatuotteet ja leipa,100.52
2005M10,0112 Liha,100.08
2005M10,01141 Maito,99.81
2005M10,01144 Juustot ja rahkat,100.11
2005M10,01151 Voi,100.72
2005M10,011612 Banaanit,97.15
2005M10,011613 Omenat,87.74
2005M11,0111 Viljatuotteet ja leipa,100.16
2005M11,0112 Liha,100.58
2005M11,01141 Maito,99.49
2005M11,01144 Juustot ja rahkat,99.76
2005M11,01151 Voi,100.88
2005M11,011612 Banaanit,94.06
2005M11,011613 Omenat,90.46
2005M12,0111 Viljatuotteet ja leipa,100.43
2005M12,0112 Liha,100.8
2005M12,01141 Maito,99.68
2005M12,01144 Juustot ja rahkat,99.87
2005M12,01151 Voi,99.61
2005M12,011612 Banaanit,98.34
2005M12,011613 Omenat,93.01
2006M01,0111 Viljatuotteet ja leipa,100.88
2006M01,0112 Liha,100.67
2006M01,01141 Maito,102.21
2006M01,01144 Juustot ja rahkat,100.2
2006M01,01151 Voi,100.21
2006M01,011612 Banaanit,99.08
2006M01,011613 Omenat,96.02
2006M02,0111 Viljatuotteet ja leipa,101.42
2006M02,0112 Liha,100.79
2006M02,01141 Maito,104.32
2006M02,01144 Juustot ja rahkat,100.51
2006M02,01151 Voi,99.67
2006M02,011612 Banaanit,100.9
2006M02,011613 Omenat,96.7
2006M03,0111 Viljatuotteet ja leipa,101.14
2006M03,0112 Liha,100.48
2006M03,01141 Maito,104.6
2006M03,01144 Juustot ja rahkat,100.39
2006M03,01151 Voi,99.55
2006M03,011612 Banaanit,94.74
2006M03,011613 Omenat,100.5
2006M04,0111 Viljatuotteet ja leipa,101.2
2006M04,0112 Liha,100.58
2006M04,01141 Maito,104.18
2006M04,01144 Juustot ja rahkat,100.39
2006M04,01151 Voi,99.33
2006M04,011612 Banaanit,92.99
2006M04,011613 Omenat,102.44
2006M05,0111 Viljatuotteet ja leipa,101.84
2006M05,0112 Liha,100.79
2006M05,01141 Maito,104.14
2006M05,01144 Juustot ja rahkat,100.29
2006M05,01151 Voi,99.79
2006M05,011612 Banaanit,92.96
2006M05,011613 Omenat,106.59
2006M06,0111 Viljatuotteet ja leipa,101.77
2006M06,0112 Liha,100.99
2006M06,01141 Maito,104.18
2006M06,01144 Juustot ja rahkat,100.37
2006M06,01151 Voi,99.81
2006M06,011612 Banaanit,94.05
2006M06,011613 Omenat,114.73
2006M07,0111 Viljatuotteet ja leipa,101.55
2006M07,0112 Liha,100.86
2006M07,01141 Maito,104.21
2006M07,01144 Juustot ja rahkat,100.26
2006M07,01151 Voi,99.48
2006M07,011612 Banaanit,88.51
2006M07,011613 Omenat,115.82
2006M08,0111 Viljatuotteet ja leipa,101.33
2006M08,0112 Liha,101.06
2006M08,01141 Maito,104.26
2006M08,01144 Juustot ja rahkat,100.12
2006M08,01151 Voi,100.72
2006M08,011612 Banaanit,79.03
2006M08,011613 Omenat,118.31
2006M09,0111 Viljatuotteet ja leipa,101.68
2006M09,0112 Liha,101.46
2006M09,01141 Maito,104.51
2006M09,01144 Juustot ja rahkat,100.11
2006M09,01151 Voi,100.88
2006M09,011612 Banaanit,82.26
2006M09,011613 Omenat,116.59
2006M10,0111 Viljatuotteet ja leipa,101.49
2006M10,0112 Liha,101.63
2006M10,01141 Maito,104.48
2006M10,01144 Juustot ja rahkat,100.3
2006M10,01151 Voi,100.32
2006M10,011612 Banaanit,74.79
2006M10,011613 Omenat,112.49
2006M11,0111 Viljatuotteet ja leipa,101.36
2006M11,0112 Liha,102.02
2006M11,01141 Maito,104.09
2006M11,01144 Juustot ja rahkat,100.14
2006M11,01151 Voi,99.96
2006M11,011612 Banaanit,85.55
2006M11,011613 Omenat,111.53
2006M12,0111 Viljatuotteet ja leipa,101.73
2006M12,0112 Liha,101.97
2006M12,01141 Maito,103.48
2006M12,01144 Juustot ja rahkat,100.04
2006M12,01151 Voi,98.04
2006M12,011612 Banaanit,91.19
2006M12,011613 Omenat,111.11
2007M01,0111 Viljatuotteet ja leipa,101.95
2007M01,0112 Liha,102.66
2007M01,01141 Maito,103.41
2007M01,01144 Juustot ja rahkat,100.31
2007M01,01151 Voi,99.32
2007M01,011612 Banaanit,88.17
2007M01,011613 Omenat,114.18
2007M02,0111 Viljatuotteet ja leipa,102.09
2007M02,0112 Liha,102.58
2007M02,01141 Maito,103.57
2007M02,01144 Juustot ja rahkat,100.21
2007M02,01151 Voi,98.51
2007M02,011612 Banaanit,88.59
2007M02,011613 Omenat,115.92
2007M03,0111 Viljatuotteet ja leipa,101.94
2007M03,0112 Liha,102.67
2007M03,01141 Maito,103.76
2007M03,01144 Juustot ja rahkat,99.83
2007M03,01151 Voi,99.2
2007M03,011612 Banaanit,84.6
2007M03,011613 Omenat,118.07
2007M04,0111 Viljatuotteet ja leipa,102.02
2007M04,0112 Liha,102.86
2007M04,01141 Maito,103.16
2007M04,01144 Juustot ja rahkat,99.63
2007M04,01151 Voi,98.78
2007M04,011612 Banaanit,95.91
2007M04,011613 Omenat,115.87
2007M05,0111 Viljatuotteet ja leipa,102.74
2007M05,0112 Liha,102.7
2007M05,01141 Maito,103.69
2007M05,01144 Juustot ja rahkat,99.03
2007M05,01151 Voi,98.42
2007M05,011612 Banaanit,86.7
2007M05,011613 Omenat,113.21
2007M06,0111 Viljatuotteet ja leipa,102.91
2007M06,0112 Liha,102.98
2007M06,01141 Maito,103.59
2007M06,01144 Juustot ja rahkat,98.97
2007M06,01151 Voi,98.22
2007M06,011612 Banaanit,86.15
2007M06,011613 Omenat,117.33
2007M07,0111 Viljatuotteet ja leipa,102.86
2007M07,0112 Liha,102.85
2007M07,01141 Maito,103.64
2007M07,01144 Juustot ja rahkat,99.07
2007M07,01151 Voi,98.4
2007M07,011612 Banaanit,91.48
2007M07,011613 Omenat,123.16
2007M08,0111 Viljatuotteet ja leipa,102.72
2007M08,0112 Liha,102.66
2007M08,01141 Maito,103.63
2007M08,01144 Juustot ja rahkat,99.11
2007M08,01151 Voi,97.79
2007M08,011612 Banaanit,73.01
2007M08,011613 Omenat,117.7
2007M09,0111 Viljatuotteet ja leipa,102.89
2007M09,0112 Liha,103.83
2007M09,01141 Maito,103.64
2007M09,01144 Juustot ja rahkat,100.29
2007M09,01151 Voi,96.96
2007M09,011612 Banaanit,79.71
2007M09,011613 Omenat,116.71
2007M10,0111 Viljatuotteet ja leipa,102.8
2007M10,0112 Liha,103.89
2007M10,01141 Maito,103.75
2007M10,01144 Juustot ja rahkat,100.21
2007M10,01151 Voi,97.15
2007M10,011612 Banaanit,88.5
2007M10,011613 Omenat,116.19
2007M11,0111 Viljatuotteet ja leipa,102.98
2007M11,0112 Liha,104.25
2007M11,01141 Maito,103.88
2007M11,01144 Juustot ja rahkat,99.63
2007M11,01151 Voi,96.56
2007M11,011612 Banaanit,81.76
2007M11,011613 Omenat,111.55
2007M12,0111 Viljatuotteet ja leipa,103.08
2007M12,0112 Liha,104.07
2007M12,01141 Maito,104.07
2007M12,01144 Juustot ja rahkat,99.61
2007M12,01151 Voi,96.8
2007M12,011612 Banaanit,81.9
2007M12,011613 Omenat,112.33
2008M01,0111 Viljatuotteet ja leipa,108.88
2008M01,0112 Liha,108.11
2008M01,01141 Maito,118.21
2008M01,01144 Juustot ja rahkat,107.76
2008M01,01151 Voi,109.78
2008M01,011612 Banaanit,86.42
2008M01,011613 Omenat,114.62
2008M02,0111 Viljatuotteet ja leipa,109.91
2008M02,0112 Liha,108.96
2008M02,01141 Maito,119
2008M02,01144 Juustot ja rahkat,109.07
2008M02,01151 Voi,111.25
2008M02,011612 Banaanit,93.85
2008M02,011613 Omenat,112.32
2008M03,0111 Viljatuotteet ja leipa,109.92
2008M03,0112 Liha,109.68
2008M03,01141 Maito,119.32
2008M03,01144 Juustot ja rahkat,108.76
2008M03,01151 Voi,111.19
2008M03,011612 Banaanit,103.9
2008M03,011613 Omenat,117.19
2008M04,0111 Viljatuotteet ja leipa,110.51
2008M04,0112 Liha,109.69
2008M04,01141 Maito,119.51
2008M04,01144 Juustot ja rahkat,108.78
2008M04,01151 Voi,111.16
2008M04,011612 Banaanit,107.51
2008M04,011613 Omenat,121.59
2008M05,0111 Viljatuotteet ja leipa,111.44
2008M05,0112 Liha,110.1
2008M05,01141 Maito,130.31
2008M05,01144 Juustot ja rahkat,115.74
2008M05,01151 Voi,118.91
2008M05,011612 Banaanit,100.9
2008M05,011613 Omenat,129.34
2008M06,0111 Viljatuotteet ja leipa,111.57
2008M06,0112 Liha,110.17
2008M06,01141 Maito,131.12
2008M06,01144 Juustot ja rahkat,116.46
2008M06,01151 Voi,121.54
2008M06,011612 Banaanit,91.31
2008M06,011613 Omenat,139.5
2008M07,0111 Viljatuotteet ja leipa,111.32
2008M07,0112 Liha,110.47
2008M07,01141 Maito,131.18
2008M07,01144 Juustot ja rahkat,116.73
2008M07,01151 Voi,121.62
2008M07,011612 Banaanit,89.95
2008M07,011613 Omenat,141.73
2008M08,0111 Viljatuotteet ja leipa,111.42
2008M08,0112 Liha,110.26
2008M08,01141 Maito,130.58
2008M08,01144 Juustot ja rahkat,117.05
2008M08,01151 Voi,121.78
2008M08,011612 Banaanit,83.1
2008M08,011613 Omenat,138.06
2008M09,0111 Viljatuotteet ja leipa,112.37
2008M09,0112 Liha,112.33
2008M09,01141 Maito,131.21
2008M09,01144 Juustot ja rahkat,117.81
2008M09,01151 Voi,125.25
2008M09,011612 Banaanit,83.96
2008M09,011613 Omenat,132.12
2008M10,0111 Viljatuotteet ja leipa,113.07
2008M10,0112 Liha,113.09
2008M10,01141 Maito,131.2
2008M10,01144 Juustot ja rahkat,118.05
2008M10,01151 Voi,124.11
2008M10,011612 Banaanit,85.88
2008M10,011613 Omenat,128.57
2008M11,0111 Viljatuotteet ja leipa,113.55
2008M11,0112 Liha,113.46
2008M11,01141 Maito,131.21
2008M11,01144 Juustot ja rahkat,117.9
2008M11,01151 Voi,119.92
2008M11,011612 Banaanit,88.34
2008M11,011613 Omenat,122.7
2008M12,0111 Viljatuotteet ja leipa,113.38
2008M12,0112 Liha,113.35
2008M12,01141 Maito,131.21
2008M12,01144 Juustot ja rahkat,117.7
2008M12,01151 Voi,111.49
2008M12,011612 Banaanit,92.27
2008M12,011613 Omenat,121.34
2009M01,0111 Viljatuotteet ja leipa,115.44
2009M01,0112 Liha,116.19
2009M01,01141 Maito,131.36
2009M01,01144 Juustot ja rahkat,119.63
2009M01,01151 Voi,100.55
2009M01,011612 Banaanit,88.91
2009M01,011613 Omenat,121.62
2009M02,0111 Viljatuotteet ja leipa,115.64
2009M02,0112 Liha,116.99
2009M02,01141 Maito,131.07
2009M02,01144 Juustot ja rahkat,120.68
2009M02,01151 Voi,99.25
2009M02,011612 Banaanit,89.54
2009M02,011613 Omenat,120.62
2009M03,0111 Viljatuotteet ja leipa,116.54
2009M03,0112 Liha,116.64
2009M03,01141 Maito,129.41
2009M03,01144 Juustot ja rahkat,120.68
2009M03,01151 Voi,93.98
2009M03,011612 Banaanit,108.08
2009M03,011613 Omenat,121.15
2009M04,0111 Viljatuotteet ja leipa,116.8
2009M04,0112 Liha,117.07
2009M04,01141 Maito,130.15
2009M04,01144 Juustot ja rahkat,120.24
2009M04,01151 Voi,96.73
2009M04,011612 Banaanit,104.95
2009M04,011613 Omenat,113.81
2009M05,0111 Viljatuotteet ja leipa,116.67
2009M05,0112 Liha,116.55
2009M05,01141 Maito,130.18
2009M05,01144 Juustot ja rahkat,120.43
2009M05,01151 Voi,94.98
2009M05,011612 Banaanit,101.22
2009M05,011613 Omenat,112.86
2009M06,0111 Viljatuotteet ja leipa,116.81
2009M06,0112 Liha,117.02
2009M06,01141 Maito,130.11
2009M06,01144 Juustot ja rahkat,120.47
2009M06,01151 Voi,93.27
2009M06,011612 Banaanit,105
2009M06,011613 Omenat,114.47
2009M07,0111 Viljatuotteet ja leipa,116.2
2009M07,0112 Liha,116.63
2009M07,01141 Maito,130.12
2009M07,01144 Juustot ja rahkat,119.84
2009M07,01151 Voi,90.05
2009M07,011612 Banaanit,99.65
2009M07,011613 Omenat,113.32
2009M08,0111 Viljatuotteet ja leipa,116.4
2009M08,0112 Liha,116.64
2009M08,01141 Maito,129.74
2009M08,01144 Juustot ja rahkat,119.6
2009M08,01151 Voi,91.86
2009M08,011612 Banaanit,75.15
2009M08,011613 Omenat,110.19
2009M09,0111 Viljatuotteet ja leipa,116.25
2009M09,0112 Liha,116.1
2009M09,01141 Maito,129.95
2009M09,01144 Juustot ja rahkat,119.08
2009M09,01151 Voi,91.43
2009M09,011612 Banaanit,92.7
2009M09,011613 Omenat,108.92
2009M10,0111 Viljatuotteet ja leipa,110.77
2009M10,0112 Liha,110.59
2009M10,01141 Maito,123.09
2009M10,01144 Juustot ja rahkat,113.45
2009M10,01151 Voi,77.93
2009M10,011612 Banaanit,82.56
2009M10,011613 Omenat,102.77
2009M11,0111 Viljatuotteet ja leipa,110.69
2009M11,0112 Liha,110.41
2009M11,01141 Maito,123.53
2009M11,01144 Juustot ja rahkat,113.09
2009M11,01151 Voi,78.99
2009M11,011612 Banaanit,76.53
2009M11,011613 Omenat,101.93
2009M12,0111 Viljatuotteet ja leipa,110.7
2009M12,0112 Liha,109.99
2009M12,01141 Maito,123.39
2009M12,01144 Juustot ja rahkat,112.59
2009M12,01151 Voi,78.12
2009M12,011612 Banaanit,73.65
2009M12,011613 Omenat,103.82
2010M01,0111 Viljatuotteet ja leipa,110.29
2010M01,0112 Liha,109.68
2010M01,01141 Maito,122.77
2010M01,01144 Juustot ja rahkat,112.78
2010M01,01151 Voi,78.15
2010M01,011612 Banaanit,75.58
2010M01,011613 Omenat,104.17
2010M02,0111 Viljatuotteet ja leipa,111.02
2010M02,0112 Liha,109.15
2010M02,01141 Maito,121.43
2010M02,01144 Juustot ja rahkat,113.08
2010M02,01151 Voi,77.07
2010M02,011612 Banaanit,75.27
2010M02,011613 Omenat,102.86
2010M03,0111 Viljatuotteet ja leipa,110.99
2010M03,0112 Liha,108.85
2010M03,01141 Maito,112.76
2010M03,01144 Juustot ja rahkat,112.77
2010M03,01151 Voi,76.9
2010M03,011612 Banaanit,85.2
2010M03,011613 Omenat,108.68
2010M04,0111 Viljatuotteet ja leipa,110.7
2010M04,0112 Liha,109.43
2010M04,01141 Maito,112.83
2010M04,01144 Juustot ja rahkat,112.68
2010M04,01151 Voi,77.22
2010M04,011612 Banaanit,93.52
2010M04,011613 Omenat,106.07
2010M05,0111 Viljatuotteet ja leipa,110.4
2010M05,0112 Liha,109.51
2010M05,01141 Maito,112.68
2010M05,01144 Juustot ja rahkat,112.66
2010M05,01151 Voi,72.63
2010M05,011612 Banaanit,92.07
2010M05,011613 Omenat,110.86
2010M06,0111 Viljatuotteet ja leipa,110.23
2010M06,0112 Liha,109
2010M06,01141 Maito,112.99
2010M06,01144 Juustot ja rahkat,112.74
2010M06,01151 Voi,75.19
2010M06,011612 Banaanit,97.61
2010M06,011613 Omenat,113.94
2010M07,0111 Viljatuotteet ja leipa,110.66
2010M07,0112 Liha,108.79
2010M07,01141 Maito,112.85
2010M07,01144 Juustot ja rahkat,112.97
2010M07,01151 Voi,74.77
2010M07,011612 Banaanit,93.64
2010M07,011613 Omenat,116.93
2010M08,0111 Viljatuotteet ja leipa,110.47
2010M08,0112 Liha,109.27
2010M08,01141 Maito,113.04
2010M08,01144 Juustot ja rahkat,113.17
2010M08,01151 Voi,73.57
2010M08,011612 Banaanit,82.08
2010M08,011613 Omenat,118.87
2010M09,0111 Viljatuotteet ja leipa,110.83
2010M09,0112 Liha,110.98
2010M09,01141 Maito,113.34
2010M09,01144 Juustot ja rahkat,114.79
2010M09,01151 Voi,78.9
2010M09,011612 Banaanit,86.55
2010M09,011613 Omenat,115.58
2010M10,0111 Viljatuotteet ja leipa,111.33
2010M10,0112 Liha,111.33
2010M10,01141 Maito,112.41
2010M10,01144 Juustot ja rahkat,114.91
2010M10,01151 Voi,79.69
2010M10,011612 Banaanit,89.4
2010M10,011613 Omenat,115.78
2010M11,0111 Viljatuotteet ja leipa,111.73
2010M11,0112 Liha,111.59
2010M11,01141 Maito,112.43
2010M11,01144 Juustot ja rahkat,114.86
2010M11,01151 Voi,79.2
2010M11,011612 Banaanit,77.67
2010M11,011613 Omenat,115.45
2010M12,0111 Viljatuotteet ja leipa,111.94
2010M12,0112 Liha,111.95
2010M12,01141 Maito,112.51
2010M12,01144 Juustot ja rahkat,114.87
2010M12,01151 Voi,78.96
2010M12,011612 Banaanit,92.11
2010M12,011613 Omenat,120.01
2011M01,0111 Viljatuotteet ja leipa,112.29
2011M01,0112 Liha,112.46
2011M01,01141 Maito,113.13
2011M01,01144 Juustot ja rahkat,114.87
2011M01,01151 Voi,78.95
2011M01,011612 Banaanit,90.99
2011M01,011613 Omenat,120.31
2011M02,0111 Viljatuotteet ja leipa,115.53
2011M02,0112 Liha,114.41
2011M02,01141 Maito,114.81
2011M02,01144 Juustot ja rahkat,116.78
2011M02,01151 Voi,87.45
2011M02,011612 Banaanit,100.84
2011M02,011613 Omenat,119.71
2011M03,0111 Viljatuotteet ja leipa,115.83
2011M03,0112 Liha,114.59
2011M03,01141 Maito,114.75
2011M03,01144 Juustot ja rahkat,116.74
2011M03,01151 Voi,87.49
2011M03,011612 Banaanit,101.32
2011M03,011613 Omenat,117.43
2011M04,0111 Viljatuotteet ja leipa,115.69
2011M04,0112 Liha,114.41
2011M04,01141 Maito,114.76
2011M04,01144 Juustot ja rahkat,116.09
2011M04,01151 Voi,86.96
2011M04,011612 Banaanit,95.21
2011M04,011613 Omenat,121.76
2011M05,0111 Viljatuotteet ja leipa,116.06
2011M05,0112 Liha,113.7
2011M05,01141 Maito,117.91
2011M05,01144 Juustot ja rahkat,118.08
2011M05,01151 Voi,89.27
2011M05,011612 Banaanit,91.65
2011M05,011613 Omenat,124.37
2011M06,0111 Viljatuotteet ja leipa,116.49
2011M06,0112 Liha,114.09
2011M06,01141 Maito,118.98
2011M06,01144 Juustot ja rahkat,118.25
2011M06,01151 Voi,89.29
2011M06,011612 Banaanit,92.91
2011M06,011613 Omenat,125.25
2011M07,0111 Viljatuotteet ja leipa,116.38
2011M07,0112 Liha,113.71
2011M07,01141 Maito,118.82
2011M07,01144 Juustot ja rahkat,118.68
2011M07,01151 Voi,90.32
2011M07,011612 Banaanit,89.88
2011M07,011613 Omenat,130.19
2011M08,0111 Viljatuotteet ja leipa,116.6
2011M08,0112 Liha,114.12
2011M08,01141 Maito,118.59
2011M08,01144 Juustot ja rahkat,118.67
2011M08,01151 Voi,90.41
2011M08,011612 Banaanit,65.84
2011M08,011613 Omenat,131.39
2011M09,0111 Viljatuotteet ja leipa,116.52
2011M09,0112 Liha,117.49
2011M09,01141 Maito,120.09
2011M09,01144 Juustot ja rahkat,120.75
2011M09,01151 Voi,93.6
2011M09,011612 Banaanit,86.29
2011M09,011613 Omenat,119.69
2011M10,0111 Viljatuotteet ja leipa,116.78
2011M10,0112 Liha,117.66
2011M10,01141 Maito,120.48
2011M10,01144 Juustot ja rahkat,120.6
2011M10,01151 Voi,94
2011M10,011612 Banaanit,85.39
2011M10,011613 Omenat,119.31
2011M11,0111 Viljatuotteet ja leipa,117.1
2011M11,0112 Liha,118.27
2011M11,01141 Maito,120.14
2011M11,01144 Juustot ja rahkat,120.8
2011M11,01151 Voi,104.07
2011M11,011612 Banaanit,79.85
2011M11,011613 Omenat,102.07
2011M12,0111 Viljatuotteet ja leipa,117.5
2011M12,0112 Liha,118.63
2011M12,01141 Maito,120.34
2011M12,01144 Juustot ja rahkat,120.77
2011M12,01151 Voi,115.92
2011M12,011612 Banaanit,87.73
2011M12,011613 Omenat,115.21
2012M01,0111 Viljatuotteet ja leipa,117.37
2012M01,0112 Liha,118.59
2012M01,01141 Maito,121.68
2012M01,01144 Juustot ja rahkat,120.48
2012M01,01151 Voi,113.17
2012M01,011612 Banaanit,86.22
2012M01,011613 Omenat,108.64
2012M02,0111 Viljatuotteet ja leipa,119.07
2012M02,0112 Liha,121.08
2012M02,01141 Maito,121.25
2012M02,01144 Juustot ja rahkat,124.03
2012M02,01151 Voi,116.78
2012M02,011612 Banaanit,88.13
2012M02,011613 Omenat,113.68
2012M03,0111 Viljatuotteet ja leipa,119.13
2012M03,0112 Liha,121.54
2012M03,01141 Maito,121.18
2012M03,01144 Juustot ja rahkat,124.17
2012M03,01151 Voi,116.92
2012M03,011612 Banaanit,89.68
2012M03,011613 Omenat,113.69
2012M04,0111 Viljatuotteet ja leipa,119.57
2012M04,0112 Liha,121.77
2012M04,01141 Maito,121.01
2012M04,01144 Juustot ja rahkat,124.59
2012M04,01151 Voi,117.07
2012M04,011612 Banaanit,85.06
2012M04,011613 Omenat,122.69
2012M05,0111 Viljatuotteet ja leipa,119.78
2012M05,0112 Liha,122.98
2012M05,01141 Maito,122.55
2012M05,01144 Juustot ja rahkat,123.56
2012M05,01151 Voi,116.02
2012M05,011612 Banaanit,84.51
2012M05,011613 Omenat,122.54
2012M06,0111 Viljatuotteet ja leipa,119.8
2012M06,0112 Liha,124.1
2012M06,01141 Maito,122.07
2012M06,01144 Juustot ja rahkat,123.75
2012M06,01151 Voi,114.1
2012M06,011612 Banaanit,87.96
2012M06,011613 Omenat,126.23
2012M07,0111 Viljatuotteet ja leipa,119.56
2012M07,0112 Liha,124.2
2012M07,01141 Maito,121.27
2012M07,01144 Juustot ja rahkat,123.73
2012M07,01151 Voi,117.19
2012M07,011612 Banaanit,91.98
2012M07,011613 Omenat,133.58
2012M08,0111 Viljatuotteet ja leipa,119.95
2012M08,0112 Liha,124.35
2012M08,01141 Maito,122.27
2012M08,01144 Juustot ja rahkat,123.75
2012M08,01151 Voi,116
2012M08,011612 Banaanit,83.52
2012M08,011613 Omenat,137.72
2012M09,0111 Viljatuotteet ja leipa,120.44
2012M09,0112 Liha,126.59
2012M09,01141 Maito,122.5
2012M09,01144 Juustot ja rahkat,124.99
2012M09,01151 Voi,116.15
2012M09,011612 Banaanit,86.47
2012M09,011613 Omenat,131.92
2012M10,0111 Viljatuotteet ja leipa,119.67
2012M10,0112 Liha,126.49
2012M10,01141 Maito,123.08
2012M10,01144 Juustot ja rahkat,124.47
2012M10,01151 Voi,115.83
2012M10,011612 Banaanit,83.22
2012M10,011613 Omenat,134.14
2012M11,0111 Viljatuotteet ja leipa,120.32
2012M11,0112 Liha,129.31
2012M11,01141 Maito,123.57
2012M11,01144 Juustot ja rahkat,124.37
2012M11,01151 Voi,114.62
2012M11,011612 Banaanit,75.56
2012M11,011613 Omenat,138.23
2012M12,0111 Viljatuotteet ja leipa,120.49
2012M12,0112 Liha,129.52
2012M12,01141 Maito,123.38
2012M12,01144 Juustot ja rahkat,125
2012M12,01151 Voi,115.69
2012M12,011612 Banaanit,84.26
2012M12,011613 Omenat,143.08
2013M01,0111 Viljatuotteet ja leipa,120.62
2013M01,0112 Liha,129.71
2013M01,01141 Maito,123.21
2013M01,01144 Juustot ja rahkat,125.1
2013M01,01151 Voi,116.28
2013M01,011612 Banaanit,89.98
2013M01,011613 Omenat,143.61
2013M02,0111 Viljatuotteet ja leipa,124.57
2013M02,0112 Liha,133.46
2013M02,01141 Maito,143.7
2013M02,01144 Juustot ja rahkat,126.18
2013M02,01151 Voi,118.97
2013M02,011612 Banaanit,93.03
2013M02,011613 Omenat,148.09
2013M03,0111 Viljatuotteet ja leipa,124.86
2013M03,0112 Liha,134.2
2013M03,01141 Maito,142.69
2013M03,01144 Juustot ja rahkat,126.31
2013M03,01151 Voi,119.94
2013M03,011612 Banaanit,91.68
2013M03,011613 Omenat,145.73
2013M04,0111 Viljatuotteet ja leipa,125.53
2013M04,0112 Liha,133.75
2013M04,01141 Maito,143.61
2013M04,01144 Juustot ja rahkat,126.46
2013M04,01151 Voi,120.49
2013M04,011612 Banaanit,93.74
2013M04,011613 Omenat,151.2
2013M05,0111 Viljatuotteet ja leipa,124.95
2013M05,0112 Liha,133.24
2013M05,01141 Maito,143.84
2013M05,01144 Juustot ja rahkat,126.45
2013M05,01151 Voi,120.28
2013M05,011612 Banaanit,91.97
2013M05,011613 Omenat,153
2013M06,0111 Viljatuotteet ja leipa,124.97
2013M06,0112 Liha,133.11
2013M06,01141 Maito,143.72
2013M06,01144 Juustot ja rahkat,126.24
2013M06,01151 Voi,119.39
2013M06,011612 Banaanit,92.32
2013M06,011613 Omenat,155.7
2013M07,0111 Viljatuotteet ja leipa,124.93
2013M07,0112 Liha,133.25
2013M07,01141 Maito,144.21
2013M07,01144 Juustot ja rahkat,126.26
2013M07,01151 Voi,119.99
2013M07,011612 Banaanit,92.38
2013M07,011613 Omenat,160.54
2013M08,0111 Viljatuotteet ja leipa,124.9
2013M08,0112 Liha,133.19
2013M08,01141 Maito,144.3
2013M08,01144 Juustot ja rahkat,127.23
2013M08,01151 Voi,119.93
2013M08,011612 Banaanit,88.64
2013M08,011613 Omenat,167.22
2013M09,0111 Viljatuotteet ja leipa,125.26
2013M09,0112 Liha,132.95
2013M09,01141 Maito,148.3
2013M09,01144 Juustot ja rahkat,126.97
2013M09,01151 Voi,119.76
2013M09,011612 Banaanit,90
2013M09,011613 Omenat,157.58
2013M10,0111 Viljatuotteet ja leipa,124.67
2013M10,0112 Liha,132.37
2013M10,01141 Maito,149.28
2013M10,01144 Juustot ja rahkat,127.17
2013M10,01151 Voi,119.33
2013M10,011612 Banaanit,92.39
2013M10,011613 Omenat,143.48
2013M11,0111 Viljatuotteet ja leipa,124.18
2013M11,0112 Liha,132.79
2013M11,01141 Maito,149.17
2013M11,01144 Juustot ja rahkat,127.24
2013M11,01151 Voi,119.37
2013M11,011612 Banaanit,94.15
2013M11,011613 Omenat,138.13
2013M12,0111 Viljatuotteet ja leipa,124.16
2013M12,0112 Liha,132.92
2013M12,01141 Maito,149.35
2013M12,01144 Juustot ja rahkat,126.63
2013M12,01151 Voi,115.46
2013M12,011612 Banaanit,92.1
2013M12,011613 Omenat,144.27
2014M01,0111 Viljatuotteet ja leipa,124.46
2014M01,0112 Liha,132.32
2014M01,01141 Maito,150.09
2014M01,01144 Juustot ja rahkat,126.39
2014M01,01151 Voi,118.44
2014M01,011612 Banaanit,93.01
2014M01,011613 Omenat,138.32
2014M02,0111 Viljatuotteet ja leipa,125.09
2014M02,0112 Liha,131.68
2014M02,01141 Maito,149.35
2014M02,01144 Juustot ja rahkat,126.92
2014M02,01151 Voi,119.3
2014M02,011612 Banaanit,87.3
2014M02,011613 Omenat,135.1
2014M03,0111 Viljatuotteet ja leipa,124.9
2014M03,0112 Liha,131.03
2014M03,01141 Maito,150.22
2014M03,01144 Juustot ja rahkat,127.71
2014M03,01151 Voi,118.38
2014M03,011612 Banaanit,90.98
2014M03,011613 Omenat,132.98
2014M04,0111 Viljatuotteet ja leipa,124.47
2014M04,0112 Liha,130.73
2014M04,01141 Maito,150.61
2014M04,01144 Juustot ja rahkat,126.09
2014M04,01151 Voi,118.94
2014M04,011612 Banaanit,91.05
2014M04,011613 Omenat,134.69
2014M05,0111 Viljatuotteet ja leipa,124.85
2014M05,0112 Liha,130.39
2014M05,01141 Maito,149.49
2014M05,01144 Juustot ja rahkat,126.11
2014M05,01151 Voi,114.96
2014M05,011612 Banaanit,91.9
2014M05,011613 Omenat,135.43
2014M06,0111 Viljatuotteet ja leipa,124.24
2014M06,0112 Liha,130.34
2014M06,01141 Maito,149.93
2014M06,01144 Juustot ja rahkat,125.96
2014M06,01151 Voi,114.08
2014M06,011612 Banaanit,91.09
2014M06,011613 Omenat,137.64
2014M07,0111 Viljatuotteet ja leipa,124.03
2014M07,0112 Liha,130.17
2014M07,01141 Maito,150.79
2014M07,01144 Juustot ja rahkat,126.04
2014M07,01151 Voi,113.76
2014M07,011612 Banaanit,91.71
2014M07,011613 Omenat,138.51
2014M08,0111 Viljatuotteet ja leipa,123.45
2014M08,0112 Liha,129.97
2014M08,01141 Maito,150.47
2014M08,01144 Juustot ja rahkat,126.21
2014M08,01151 Voi,112.74
2014M08,011612 Banaanit,83.83
2014M08,011613 Omenat,137.24
2014M09,0111 Viljatuotteet ja leipa,123.35
2014M09,0112 Liha,130.61
2014M09,01141 Maito,149.9
2014M09,01144 Juustot ja rahkat,127.53
2014M09,01151 Voi,104.97
2014M09,011612 Banaanit,89.59
2014M09,011613 Omenat,123.13
2014M10,0111 Viljatuotteet ja leipa,123.27
2014M10,0112 Liha,130.4
2014M10,01141 Maito,148.61
2014M10,01144 Juustot ja rahkat,127.66
2014M10,01151 Voi,98.02
2014M10,011612 Banaanit,90.37
2014M10,011613 Omenat,113.81
2014M11,0111 Viljatuotteet ja leipa,123.02
2014M11,0112 Liha,130.43
2014M11,01141 Maito,149.12
2014M11,01144 Juustot ja rahkat,126.28
2014M11,01151 Voi,98.03
2014M11,011612 Banaanit,91.27
2014M11,011613 Omenat,110.26
2014M12,0111 Viljatuotteet ja leipa,122.81
2014M12,0112 Liha,130.37
2014M12,01141 Maito,148.15
2014M12,01144 Juustot ja rahkat,125.9
2014M12,01151 Voi,98.23
2014M12,011612 Banaanit,91.86
2014M12,011613 Omenat,113.68
2015M01,0111 Viljatuotteet ja leipa,123.24
2015M01,0112 Liha,131.06
2015M01,01141 Maito,146.33
2015M01,01144 Juustot ja rahkat,125.35
2015M01,01151 Voi,98.17
2015M01,011612 Banaanit,91.15
2015M01,011613 Omenat,113.53
2015M02,0111 Viljatuotteet ja leipa,121.36
2015M02,0112 Liha,129.49
2015M02,01141 Maito,139.65
2015M02,01144 Juustot ja rahkat,121.33
2015M02,01151 Voi,94.54
2015M02,011612 Banaanit,87.93
2015M02,011613 Omenat,112.42
2015M03,0111 Viljatuotteet ja leipa,121.31
2015M03,0112 Liha,129.53
2015M03,01141 Maito,139.23
2015M03,01144 Juustot ja rahkat,121.67
2015M03,01151 Voi,97.34
2015M03,011612 Banaanit,91.33
2015M03,011613 Omenat,112.59
2015M04,0111 Viljatuotteet ja leipa,121.39
2015M04,0112 Liha,129.14
2015M04,01141 Maito,139.34
2015M04,01144 Juustot ja rahkat,121.31
2015M04,01151 Voi,97.34
2015M04,011612 Banaanit,89.49
2015M04,011613 Omenat,113.3
2015M05,0111 Viljatuotteet ja leipa,120.99
2015M05,0112 Liha,127.1
2015M05,01141 Maito,138.83
2015M05,01144 Juustot ja rahkat,120.08
2015M05,01151 Voi,95.65
2015M05,011612 Banaanit,93.48
2015M05,011613 Omenat,119.57
2015M06,0111 Viljatuotteet ja leipa,121.1
2015M06,0112 Liha,126.88
2015M06,01141 Maito,139.06
2015M06,01144 Juustot ja rahkat,119.72
2015M06,01151 Voi,94.85
2015M06,011612 Banaanit,92.23
2015M06,011613 Omenat,133.98
2015M07,0111 Viljatuotteet ja leipa,120.9
2015M07,0112 Liha,126.79
2015M07,01141 Maito,138.63
2015M07,01144 Juustot ja rahkat,119.57
2015M07,01151 Voi,95.01
2015M07,011612 Banaanit,90.46
2015M07,011613 Omenat,128.92
2015M08,0111 Viljatuotteet ja leipa,121.01
2015M08,0112 Liha,126.4
2015M08,01141 Maito,139.07
2015M08,01144 Juustot ja rahkat,119.12
2015M08,01151 Voi,95.51
2015M08,011612 Banaanit,83.56
2015M08,011613 Omenat,128.21
2015M09,0111 Viljatuotteet ja leipa,120.76
2015M09,0112 Liha,124.96
2015M09,01141 Maito,137.93
2015M09,01144 Juustot ja rahkat,118.69
2015M09,01151 Voi,95.1
2015M09,011612 Banaanit,90.04
2015M09,011613 Omenat,122.86
2015M10,0111 Viljatuotteet ja leipa,120.7
2015M10,0112 Liha,125.21
2015M10,01141 Maito,137.43
2015M10,01144 Juustot ja rahkat,118.46
2015M10,01151 Voi,93.9
2015M10,011612 Banaanit,89.71
2015M10,011613 Omenat,120.08
2015M11,0111 Viljatuotteet ja leipa,120.9
2015M11,0112 Liha,124.82
2015M11,01141 Maito,137.63
2015M11,01144 Juustot ja rahkat,118.19
2015M11,01151 Voi,94.14
2015M11,011612 Banaanit,87.38
2015M11,011613 Omenat,121.18
2015M12,0111 Viljatuotteet ja leipa,120.84
2015M12,0112 Liha,124.58
2015M12,01141 Maito,137.52
2015M12,01144 Juustot ja rahkat,118.09
2015M12,01151 Voi,94.52
2015M12,011612 Banaanit,89.54
2015M12,011613 Omenat,119.23
2016M01,0111 Viljatuotteet ja leipa,120.61
2016M01,0112 Liha,124.21
2016M01,01141 Maito,137.22
2016M01,01144 Juustot ja rahkat,117.58
2016M01,01151 Voi,94.26
2016M01,011612 Banaanit,.
2016M01,011613 Omenat,.
2016M02,0111 Viljatuotteet ja leipa,119.99
2016M02,0112 Liha,123.31
2016M02,01141 Maito,136.78
2016M02,01144 Juustot ja rahkat,117.06
2016M02,01151 Voi,94.38
2016M02,011612 Banaanit,.
2016M02,011613 Omenat,.
2016M03,0111 Viljatuotteet ja leipa,119.88
2016M03,0112 Liha,123.15
2016M03,01141 Maito,136.89
2016M03,01144 Juustot ja rahkat,116.56
2016M03,01151 Voi,94.24
2016M03,011612 Banaanit,.
2016M03,011613 Omenat,.
2016M04,0111 Viljatuotteet ja leipa,120.17
2016M04,0112 Liha,123.41
2016M04,01141 Maito,136.93
2016M04,01144 Juustot ja rahkat,116.76
2016M04,01151 Voi,93.49
2016M04,011612 Banaanit,.
2016M04,011613 Omenat,.
2016M05,0111 Viljatuotteet ja leipa,119.89
2016M05,0112 Liha,122.45
2016M05,01141 Maito,136.6
2016M05,01144 Juustot ja rahkat,116.42
2016M05,01151 Voi,93.89
2016M05,011612 Banaanit,.
2016M05,011613 Omenat,.
2016M06,0111 Viljatuotteet ja leipa,120.01
2016M06,0112 Liha,122.43
2016M06,01141 Maito,136.89
2016M06,01144 Juustot ja rahkat,116.21
2016M06,01151 Voi,93.28
2016M06,011612 Banaanit,.
2016M06,011613 Omenat,.
2016M07,0111 Viljatuotteet ja leipa,119.97
2016M07,0112 Liha,122.57
2016M07,01141 Maito,136.64
2016M07,01144 Juustot ja rahkat,116.19
2016M07,01151 Voi,94.05
2016M07,011612 Banaanit,.
2016M07,011613 Omenat,.
2016M08,0111 Viljatuotteet ja leipa,119.92
2016M08,0112 Liha,122.36
2016M08,01141 Maito,135.65
2016M08,01144 Juustot ja rahkat,116.21
2016M08,01151 Voi,94.7
2016M08,011612 Banaanit,.
2016M08,011613 Omenat,.
2016M09,0111 Viljatuotteet ja leipa,120.34
2016M09,0112 Liha,123.12
2016M09,01141 Maito,134.95
2016M09,01144 Juustot ja rahkat,115.87
2016M09,01151 Voi,94.57
2016M09,011612 Banaanit,.
2016M09,011613 Omenat,.
2016M10,0111 Viljatuotteet ja leipa,120.38
2016M10,0112 Liha,122.64
2016M10,01141 Maito,135.14
2016M10,01144 Juustot ja rahkat,116.06
2016M10,01151 Voi,94.37
2016M10,011612 Banaanit,.
2016M10,011613 Omenat,.
2016M11,0111 Viljatuotteet ja leipa,120.25
2016M11,0112 Liha,122.41
2016M11,01141 Maito,134.98
2016M11,01144 Juustot ja rahkat,115.34
2016M11,01151 Voi,93.99
2016M11,011612 Banaanit,.
2016M11,011613 Omenat,.
2016M12,0111 Viljatuotteet ja leipa,120.2
2016M12,0112 Liha,122.17
2016M12,01141 Maito,135.17
2016M12,01144 Juustot ja rahkat,115.86
2016M12,01151 Voi,93.36
2016M12,011612 Banaanit,.
2016M12,011613 Omenat,.
2017M01,0111 Viljatuotteet ja leipa,119.71
2017M01,0112 Liha,121.65
2017M01,01141 Maito,134.9
2017M01,01144 Juustot ja rahkat,115.62
2017M01,01151 Voi,94.23
2017M01,011612 Banaanit,.
2017M01,011613 Omenat,.
2017M02,0111 Viljatuotteet ja leipa,119.88
2017M02,0112 Liha,121.95
2017M02,01141 Maito,134.66
2017M02,01144 Juustot ja rahkat,115.43
2017M02,01151 Voi,93.93
2017M02,011612 Banaanit,.
2017M02,011613 Omenat,.
2017M03,0111 Viljatuotteet ja leipa,119.7
2017M03,0112 Liha,121.44
2017M03,01141 Maito,134.13
2017M03,01144 Juustot ja rahkat,115.68
2017M03,01151 Voi,93.91
2017M03,011612 Banaanit,.
2017M03,011613 Omenat,.
2017M04,0111 Viljatuotteet ja leipa,119.74
2017M04,0112 Liha,121.45
2017M04,01141 Maito,134.02
2017M04,01144 Juustot ja rahkat,115.87
2017M04,01151 Voi,93.57
2017M04,011612 Banaanit,.
2017M04,011613 Omenat,.
2017M05,0111 Viljatuotteet ja leipa,120.21
2017M05,0112 Liha,120.84
2017M05,01141 Maito,134.86
2017M05,01144 Juustot ja rahkat,118.03
2017M05,01151 Voi,97.48
2017M05,011612 Banaanit,.
2017M05,011613 Omenat,.
2017M06,0111 Viljatuotteet ja leipa,120
2017M06,0112 Liha,120.8
2017M06,01141 Maito,134.89
2017M06,01144 Juustot ja rahkat,118.2
2017M06,01151 Voi,97.66
2017M06,011612 Banaanit,.
2017M06,011613 Omenat,.
2017M07,0111 Viljatuotteet ja leipa,119.98
2017M07,0112 Liha,120.58
2017M07,01141 Maito,134.49
2017M07,01144 Juustot ja rahkat,118.46
2017M07,01151 Voi,96.93
2017M07,011612 Banaanit,.
2017M07,011613 Omenat,.
2017M08,0111 Viljatuotteet ja leipa,120.12
2017M08,0112 Liha,121.05
2017M08,01141 Maito,134.83
2017M08,01144 Juustot ja rahkat,118.34
2017M08,01151 Voi,97.21
2017M08,011612 Banaanit,.
2017M08,011613 Omenat,.
2017M09,0111 Viljatuotteet ja leipa,120.06
2017M09,0112 Liha,121.75
2017M09,01141 Maito,134.72
2017M09,01144 Juustot ja rahkat,117.52
2017M09,01151 Voi,97.63
2017M09,011612 Banaanit,.
2017M09,011613 Omenat,.
2017M10,0111 Viljatuotteet ja leipa,120.22
2017M10,0112 Liha,121.86
2017M10,01141 Maito,134.86
2017M10,01144 Juustot ja rahkat,117.42
2017M10,01151 Voi,97.62
2017M10,011612 Banaanit,.
2017M10,011613 Omenat,.
2017M11,0111 Viljatuotteet ja leipa,120.2
2017M11,0112 Liha,121.73
2017M11,01141 Maito,135.41
2017M11,01144 Juustot ja rahkat,117.24
2017M11,01151 Voi,97.96
2017M11,011612 Banaanit,.
2017M11,011613 Omenat,.
2017M12,0111 Viljatuotteet ja leipa,120.23
2017M12,0112 Liha,121.98
2017M12,01141 Maito,135.11
2017M12,01144 Juustot ja rahkat,117.33
2017M12,01151 Voi,98.35
2017M12,011612 Banaanit,.
2017M12,011613 Omenat,.
2018M01,0111 Viljatuotteet ja leipa,120.14
2018M01,0112 Liha,122.29
2018M01,01141 Maito,135.36
2018M01,01144 Juustot ja rahkat,117.8
2018M01,01151 Voi,98.66
2018M01,011612 Banaanit,.
2018M01,011613 Omenat,.
2018M02,0111 Viljatuotteet ja leipa,120.16
2018M02,0112 Liha,123.12
2018M02,01141 Maito,136.24
2018M02,01144 Juustot ja rahkat,120.23
2018M02,01151 Voi,105.94
2018M02,011612 Banaanit,.
2018M02,011613 Omenat,.
2018M03,0111 Viljatuotteet ja leipa,120.47
2018M03,0112 Liha,123.13
2018M03,01141 Maito,136.48
2018M03,01144 Juustot ja rahkat,119.68
2018M03,01151 Voi,106.01
2018M03,011612 Banaanit,.
2018M03,011613 Omenat,.
2018M04,0111 Viljatuotteet ja leipa,120.53
2018M04,0112 Liha,123.12
2018M04,01141 Maito,136.53
2018M04,01144 Juustot ja rahkat,120.34
2018M04,01151 Voi,105.52
2018M04,011612 Banaanit,.
2018M04,011613 Omenat,.
2018M05,0111 Viljatuotteet ja leipa,120.26
2018M05,0112 Liha,122.46
2018M05,01141 Maito,136.26
2018M05,01144 Juustot ja rahkat,120.23
2018M05,01151 Voi,105.55
2018M05,011612 Banaanit,.
2018M05,011613 Omenat,.
2018M06,0111 Viljatuotteet ja leipa,120.32
2018M06,0112 Liha,122.64
2018M06,01141 Maito,136.18
2018M06,01144 Juustot ja rahkat,120.27
2018M06,01151 Voi,105.49
2018M06,011612 Banaanit,.
2018M06,011613 Omenat,.
2018M07,0111 Viljatuotteet ja leipa,120.38
2018M07,0112 Liha,122.91
2018M07,01141 Maito,136.2
2018M07,01144 Juustot ja rahkat,120.48
2018M07,01151 Voi,106.23
2018M07,011612 Banaanit,.
2018M07,011613 Omenat,.
2018M08,0111 Viljatuotteet ja leipa,120.51
2018M08,0112 Liha,123.25
2018M08,01141 Maito,136.25
2018M08,01144 Juustot ja rahkat,120.46
2018M08,01151 Voi,106.44
2018M08,011612 Banaanit,.
2018M08,011613 Omenat,.
2018M09,0111 Viljatuotteet ja leipa,120.62
2018M09,0112 Liha,124.15
2018M09,01141 Maito,136.21
2018M09,01144 Juustot ja rahkat,120.49
2018M09,01151 Voi,108.18
2018M09,011612 Banaanit,.
2018M09,011613 Omenat,.
2018M10,0111 Viljatuotteet ja leipa,120.73
2018M10,0112 Liha,123.88
2018M10,01141 Maito,136.13
2018M10,01144 Juustot ja rahkat,120.49
2018M10,01151 Voi,108.41
2018M10,011612 Banaanit,.
2018M10,011613 Omenat,.
2018M11,0111 Viljatuotteet ja leipa,120.85
2018M11,0112 Liha,124.67
2018M11,01141 Maito,135.4
2018M11,01144 Juustot ja rahkat,120.31
2018M11,01151 Voi,109.23
2018M11,011612 Banaanit,.
2018M11,011613 Omenat,.
2018M12,0111 Viljatuotteet ja leipa,120.95
2018M12,0112 Liha,124.62
2018M12,01141 Maito,135.9
2018M12,01144 Juustot ja rahkat,120.2
2018M12,01151 Voi,109.52
2018M12,011612 Banaanit,.
2018M12,011613 Omenat,.
2019M01,0111 Viljatuotteet ja leipa,121.21
2019M01,0112 Liha,125.49
2019M01,01141 Maito,135.93
2019M01,01144 Juustot ja rahkat,120.8
2019M01,01151 Voi,109.72
2019M01,011612 Banaanit,.
2019M01,011613 Omenat,.
2019M02,0111 Viljatuotteet ja leipa,122.45
2019M02,0112 Liha,128.49
2019M02,01141 Maito,136.06
2019M02,01144 Juustot ja rahkat,123.69
2019M02,01151 Voi,112.94
2019M02,011612 Banaanit,.
2019M02,011613 Omenat,.
2019M03,0111 Viljatuotteet ja leipa,122.46
2019M03,0112 Liha,128.5
2019M03,01141 Maito,135.91
2019M03,01144 Juustot ja rahkat,123.57
2019M03,01151 Voi,111.77
2019M03,011612 Banaanit,.
2019M03,011613 Omenat,.
2019M04,0111 Viljatuotteet ja leipa,122.68
2019M04,0112 Liha,128.2
2019M04,01141 Maito,135.75
2019M04,01144 Juustot ja rahkat,123.47
2019M04,01151 Voi,112.95
2019M04,011612 Banaanit,.
2019M04,011613 Omenat,.
2019M05,0111 Viljatuotteet ja leipa,122.91
2019M05,0112 Liha,128.39
2019M05,01141 Maito,135.9
2019M05,01144 Juustot ja rahkat,123.36
2019M05,01151 Voi,112.84
2019M05,011612 Banaanit,.
2019M05,011613 Omenat,.
2019M06,0111 Viljatuotteet ja leipa,123.09
2019M06,0112 Liha,129.08
2019M06,01141 Maito,135.67
2019M06,01144 Juustot ja rahkat,123.52
2019M06,01151 Voi,113
2019M06,011612 Banaanit,.
2019M06,011613 Omenat,.
2019M07,0111 Viljatuotteet ja leipa,123.21
2019M07,0112 Liha,129.49
2019M07,01141 Maito,136.02
2019M07,01144 Juustot ja rahkat,123.51
2019M07,01151 Voi,112.93
2019M07,011612 Banaanit,.
2019M07,011613 Omenat,.
2019M08,0111 Viljatuotteet ja leipa,123.22
2019M08,0112 Liha,129.29
2019M08,01141 Maito,136.09
2019M08,01144 Juustot ja rahkat,123.64
2019M08,01151 Voi,112.94
2019M08,011612 Banaanit,.
2019M08,011613 Omenat,.
2019M09,0111 Viljatuotteet ja leipa,123.15
2019M09,0112 Liha,129.53
2019M09,01141 Maito,136.1
2019M09,01144 Juustot ja rahkat,122.08
2019M09,01151 Voi,113.23
2019M09,011612 Banaanit,.
2019M09,011613 Omenat,.
2019M10,0111 Viljatuotteet ja leipa,123.2
2019M10,0112 Liha,129.57
2019M10,01141 Maito,136.21
2019M10,01144 Juustot ja rahkat,122.2
2019M10,01151 Voi,113.15
2019M10,011612 Banaanit,.
2019M10,011613 Omenat,.
2019M11,0111 Viljatuotteet ja leipa,123.24
2019M11,0112 Liha,129.89
2019M11,01141 Maito,135.95
2019M11,01144 Juustot ja rahkat,122.28
2019M11,01151 Voi,113.04
2019M11,011612 Banaanit,.
2019M11,011613 Omenat,.
2019M12,0111 Viljatuotteet ja leipa,123.04
2019M12,0112 Liha,129.37
2019M12,01141 Maito,135.72
2019M12,01144 Juustot ja rahkat,121.4
2019M12,01151 Voi,113.36
2019M12,011612 Banaanit,.
2019M12,011613 Omenat,.
2020M01,0111 Viljatuotteet ja leipa,123.16
2020M01,0112 Liha,128.57
2020M01,01141 Maito,136.36
2020M01,01144 Juustot ja rahkat,121.83
2020M01,01151 Voi,113.39
2020M01,011612 Banaanit,.
2020M01,011613 Omenat,.
2020M02,0111 Viljatuotteet ja leipa,123.55
2020M02,0112 Liha,130.41
2020M02,01141 Maito,136.49
2020M02,01144 Juustot ja rahkat,121.99
2020M02,01151 Voi,111.7
2020M02,011612 Banaanit,.
2020M02,011613 Omenat,.
2020M03,0111 Viljatuotteet ja leipa,123.74
2020M03,0112 Liha,131.64
2020M03,01141 Maito,136.48
2020M03,01144 Juustot ja rahkat,122.88
2020M03,01151 Voi,111.62
2020M03,011612 Banaanit,.
2020M03,011613 Omenat,.
2020M04,0111 Viljatuotteet ja leipa,123.72
2020M04,0112 Liha,129.98
2020M04,01141 Maito,135.57
2020M04,01144 Juustot ja rahkat,122.74
2020M04,01151 Voi,111.71
2020M04,011612 Banaanit,.
2020M04,011613 Omenat,.
2020M05,0111 Viljatuotteet ja leipa,124.39
2020M05,0112 Liha,131.41
2020M05,01141 Maito,136.32
2020M05,01144 Juustot ja rahkat,122.65
2020M05,01151 Voi,111.74
2020M05,011612 Banaanit,.
2020M05,011613 Omenat,.
2020M06,0111 Viljatuotteet ja leipa,124.01
2020M06,0112 Liha,131.99
2020M06,01141 Maito,136.02
2020M06,01144 Juustot ja rahkat,122.64
2020M06,01151 Voi,111.69
2020M06,011612 Banaanit,.
2020M06,011613 Omenat,.
2020M07,0111 Viljatuotteet ja leipa,123.92
2020M07,0112 Liha,132.66
2020M07,01141 Maito,136.17
2020M07,01144 Juustot ja rahkat,122.39
2020M07,01151 Voi,111.84
2020M07,011612 Banaanit,.
2020M07,011613 Omenat,.
2020M08,0111 Viljatuotteet ja leipa,123.32
2020M08,0112 Liha,132.35
2020M08,01141 Maito,136.29
2020M08,01144 Juustot ja rahkat,122.33
2020M08,01151 Voi,111.46
2020M08,011612 Banaanit,.
2020M08,011613 Omenat,.
2020M09,0111 Viljatuotteet ja leipa,124.06
2020M09,0112 Liha,131.93
2020M09,01141 Maito,136.57
2020M09,01144 Juustot ja rahkat,121.86
2020M09,01151 Voi,111.49
2020M09,011612 Banaanit,.
2020M09,011613 Omenat,.
2020M10,0111 Viljatuotteet ja leipa,123.77
2020M10,0112 Liha,132.72
2020M10,01141 Maito,136.54
2020M10,01144 Juustot ja rahkat,121.94
2020M10,01151 Voi,111.36
2020M10,011612 Banaanit,.
2020M10,011613 Omenat,.
2020M11,0111 Viljatuotteet ja leipa,123.41
2020M11,0112 Liha,131.54
2020M11,01141 Maito,136.16
2020M11,01144 Juustot ja rahkat,121.77
2020M11,01151 Voi,111.26
2020M11,011612 Banaanit,.
2020M11,011613 Omenat,.
2020M12,0111 Viljatuotteet ja leipa,123.5
2020M12,0112 Liha,131.47
2020M12,01141 Maito,135.89
2020M12,01144 Juustot ja rahkat,121.11
2020M12,01151 Voi,111.17
2020M12,011612 Banaanit,.
2020M12,011613 Omenat,.
2021M01,0111 Viljatuotteet ja leipa,123.78
2021M01,0112 Liha,131.25
2021M01,01141 Maito,136.39
2021M01,01144 Juustot ja rahkat,120.36
2021M01,01151 Voi,112.04
2021M01,011612 Banaanit,.
2021M01,011613 Omenat,.
2021M02,0111 Viljatuotteet ja leipa,123.51
2021M02,0112 Liha,131.81
2021M02,01141 Maito,136.29
2021M02,01144 Juustot ja rahkat,121.05
2021M02,01151 Voi,110.59
2021M02,011612 Banaanit,.
2021M02,011613 Omenat,.
2021M03,0111 Viljatuotteet ja leipa,124.26
2021M03,0112 Liha,132.64
2021M03,01141 Maito,136.44
2021M03,01144 Juustot ja rahkat,121.42
2021M03,01151 Voi,111.29
2021M03,011612 Banaanit,.
2021M03,011613 Omenat,.
2021M04,0111 Viljatuotteet ja leipa,124.53
2021M04,0112 Liha,131.62
2021M04,01141 Maito,135.71
2021M04,01144 Juustot ja rahkat,121.1
2021M04,01151 Voi,111.15
2021M04,011612 Banaanit,.
2021M04,011613 Omenat,.
2021M05,0111 Viljatuotteet ja leipa,124.85
2021M05,0112 Liha,131.45
2021M05,01141 Maito,136.39
2021M05,01144 Juustot ja rahkat,120.54
2021M05,01151 Voi,111.06
2021M05,011612 Banaanit,.
2021M05,011613 Omenat,.
2021M06,0111 Viljatuotteet ja leipa,124.89
2021M06,0112 Liha,131.77
2021M06,01141 Maito,136.38
2021M06,01144 Juustot ja rahkat,121.15
2021M06,01151 Voi,111.2
2021M06,011612 Banaanit,.
2021M06,011613 Omenat,.
2021M07,0111 Viljatuotteet ja leipa,125.15
2021M07,0112 Liha,131.78
2021M07,01141 Maito,136.53
2021M07,01144 Juustot ja rahkat,121.02
2021M07,01151 Voi,111.65
2021M07,011612 Banaanit,.
2021M07,011613 Omenat,.
2021M08,0111 Viljatuotteet ja leipa,124.95
2021M08,0112 Liha,132.09
2021M08,01141 Maito,136.84
2021M08,01144 Juustot ja rahkat,121.14
2021M08,01151 Voi,111.2
2021M08,011612 Banaanit,.
2021M08,011613 Omenat,.
2021M09,0111 Viljatuotteet ja leipa,125.03
2021M09,0112 Liha,132.39
2021M09,01141 Maito,136.94
2021M09,01144 Juustot ja rahkat,122.11
2021M09,01151 Voi,110.45
2021M09,011612 Banaanit,.
2021M09,011613 Omenat,.
2021M10,0111 Viljatuotteet ja leipa,124.89
2021M10,0112 Liha,133.18
2021M10,01141 Maito,136.94
2021M10,01144 Juustot ja rahkat,121.81
2021M10,01151 Voi,111.43
2021M10,011612 Banaanit,.
2021M10,011613 Omenat,.
2021M11,0111 Viljatuotteet ja leipa,125.12
2021M11,0112 Liha,132.86
2021M11,01141 Maito,136.95
2021M11,01144 Juustot ja rahkat,121.79
2021M11,01151 Voi,110.75
2021M11,011612 Banaanit,.
2021M11,011613 Omenat,.
2021M12,0111 Viljatuotteet ja leipa,125.05
2021M12,0112 Liha,132.46
2021M12,01141 Maito,136.9
2021M12,01144 Juustot ja rahkat,121.83
2021M12,01151 Voi,110.86
2021M12,011612 Banaanit,.
2021M12,011613 Omenat,.
2022M01,0111 Viljatuotteet ja leipa,125.59
2022M01,0112 Liha,133.34
2022M01,01141 Maito,136.55
2022M01,01144 Juustot ja rahkat,121.98
2022M01,01151 Voi,112
2022M01,011612 Banaanit,.
2022M01,011613 Omenat,.
2022M02,0111 Viljatuotteet ja leipa,127.38
2022M02,0112 Liha,135.66
2022M02,01141 Maito,137.35
2022M02,01144 Juustot ja rahkat,124.52
2022M02,01151 Voi,115.16
2022M02,011612 Banaanit,.
2022M02,011613 Omenat,.
2022M03,0111 Viljatuotteet ja leipa,128.37
2022M03,0112 Liha,135.77
2022M03,01141 Maito,137.88
2022M03,01144 Juustot ja rahkat,124.99
2022M03,01151 Voi,115.23
2022M03,011612 Banaanit,.
2022M03,011613 Omenat,.
2022M04,0111 Viljatuotteet ja leipa,130.17
2022M04,0112 Liha,138.07
2022M04,01141 Maito,138.73
2022M04,01144 Juustot ja rahkat,126.9
2022M04,01151 Voi,116.18
2022M04,011612 Banaanit,.
2022M04,011613 Omenat,.
2022M05,0111 Viljatuotteet ja leipa,132.93
2022M05,0112 Liha,147.35
2022M05,01141 Maito,146.12
2022M05,01144 Juustot ja rahkat,134.04
2022M05,01151 Voi,119.29
2022M05,011612 Banaanit,.
2022M05,011613 Omenat,.
2022M06,0111 Viljatuotteet ja leipa,134.77
2022M06,0112 Liha,153.37
2022M06,01141 Maito,152.22
2022M06,01144 Juustot ja rahkat,137.36
2022M06,01151 Voi,123.47
2022M06,011612 Banaanit,.
2022M06,011613 Omenat,.
2022M07,0111 Viljatuotteet ja leipa,138.48
2022M07,0112 Liha,153.71
2022M07,01141 Maito,152.18
2022M07,01144 Juustot ja rahkat,144.45
2022M07,01151 Voi,126.67
2022M07,011612 Banaanit,.
2022M07,011613 Omenat,.
2022M08,0111 Viljatuotteet ja leipa,139.66
2022M08,0112 Liha,154.23
2022M08,01141 Maito,152.97
2022M08,01144 Juustot ja rahkat,145.58
2022M08,01151 Voi,127.96
2022M08,011612 Banaanit,.
2022M08,011613 Omenat,.
2022M09,0111 Viljatuotteet ja leipa,145.36
2022M09,0112 Liha,161.47
2022M09,01141 Maito,154.83
2022M09,01144 Juustot ja rahkat,149.66
2022M09,01151 Voi,134.71
2022M09,011612 Banaanit,.
2022M09,011613 Omenat,.
2022M10,0111 Viljatuotteet ja leipa,146.23
2022M10,0112 Liha,162.62
2022M10,01141 Maito,159.38
2022M10,01144 Juustot ja rahkat,149.71
2022M10,01151 Voi,133.55
2022M10,011612 Banaanit,.
2022M10,011613 Omenat,.
2022M11,0111 Viljatuotteet ja leipa,145.94
2022M11,0112 Liha,161.64
2022M11,01141 Maito,161.78
2022M11,01144 Juustot ja rahkat,150.91
2022M11,01151 Voi,139.7
2022M11,011612 Banaanit,.
2022M11,011613 Omenat,.
2022M12,0111 Viljatuotteet ja leipa,146.19
2022M12,0112 Liha,159.91
2022M12,01141 Maito,161.76
2022M12,01144 Juustot ja rahkat,149.75
2022M12,01151 Voi,138.51
2022M12,011612 Banaanit,.
2022M12,011613 Omenat,.
2023M01,0111 Viljatuotteet ja leipa,147.46
2023M01,0112 Liha,159.95
2023M01,01141 Maito,162.76
2023M01,01144 Juustot ja rahkat,150.39
2023M01,01151 Voi,141.68
2023M01,011612 Banaanit,.
2023M01,011613 Omenat,.
2023M02,0111 Viljatuotteet ja leipa,150.32
2023M02,0112 Liha,164.35
2023M02,01141 Maito,165.83
2023M02,01144 Juustot ja rahkat,155.2
2023M02,01151 Voi,143.93
2023M02,011612 Banaanit,.
2023M02,011613 Omenat,.
